User ID, score
1664010, 0.2604752596564584
2118461, 0.23528483146478713
716173, 0.1581133742257842
2238060, 0.15408576550310524
49890, 0.1488330852944453
